35787719-2ffd-4741-ab5d-84c7547fd5d7,BoardGame_86fd9b,Economy and fun collide in this exciting board game.,122.89,16
f4135ebc-980f-4567-9cb3-11467a49afce,BoardGame_e23fdb,Economy and fun collide in this exciting board game.,32.65,12
c94651bd-0f17-4ce9-adec-4fb4eafc512a,BoardGame_565201,Economy and fun collide in this exciting board game.,87.47,19
5ba4b76d-1f78-46d3-abfa-65bf186c3a38,BoardGame_af3b14,Economy and fun collide in this exciting board game.,100.26,8
f9eb6116-3382-49ea-add2-188f8bf76dd8,BoardGame_0bb4f4,Economy and fun collide in this exciting board game.,68.99,18
ac170ec7-b05d-4873-a6d1-e31bb86b4796,BoardGame_7b7f3f,Economy and fun collide in this exciting board game.,37.46,18
4eb42db9-7287-4af8-ab4b-e378ab5408cd,BoardGame_abc39d,Economy and fun collide in this exciting board game.,104.23,15
ba43c2e1-136c-421c-8eb4-6d1d60137e21,BoardGame_2e3284,Economy and fun collide in this exciting board game.,115.91,9
edb589cc-bd37-405b-a8b6-dd6f50467ff7,BoardGame_1213f9,Economy and fun collide in this exciting board game.,48.5,11
0c98da12-319c-4760-88fd-30b5fef09c70,BoardGame_f17aa7,Economy and fun collide in this exciting board game.,77.09,19
